PRAGMA foreign_keys=OFF;
BEGIN TRANSACTION;
CREATE TABLE "django_migrations" ("id" integer NOT NULL PRIMARY KEY AUTOINCREMENT, "app" varchar(255) NOT NULL, "name" varchar(255) NOT NULL, "applied" datetime NOT NULL);
INSERT INTO "django_migrations" VALUES(1,'contenttypes','0001_initial','2020-03-12 17:33:49.136805');
INSERT INTO "django_migrations" VALUES(2,'auth','0001_initial','2020-03-12 17:33:49.152056');
INSERT INTO "django_migrations" VALUES(3,'admin','0001_initial','2020-03-12 17:33:49.161674');
INSERT INTO "django_migrations" VALUES(4,'admin','0002_logentry_remove_auto_add','2020-03-12 17:33:49.173450');
INSERT INTO "django_migrations" VALUES(5,'admin','0003_logentry_add_action_flag_choices','2020-03-12 17:33:49.200510');
INSERT INTO "django_migrations" VALUES(6,'contenttypes','0002_remove_content_type_name','2020-03-12 17:33:49.225248');
INSERT INTO "django_migrations" VALUES(7,'auth','0002_alter_permission_name_max_length','2020-03-12 17:33:49.233467');
INSERT INTO "django_migrations" VALUES(8,'auth','0003_alter_user_email_max_length','2020-03-12 17:33:49.245424');
INSERT INTO "django_migrations" VALUES(9,'auth','0004_alter_user_username_opts','2020-03-12 17:33:49.256426');
INSERT INTO "django_migrations" VALUES(10,'auth','0005_alter_user_last_login_null','2020-03-12 17:33:49.267079');
INSERT INTO "django_migrations" VALUES(11,'auth','0006_require_contenttypes_0002','2020-03-12 17:33:49.269726');
INSERT INTO "django_migrations" VALUES(12,'auth','0007_alter_validators_add_error_messages','2020-03-12 17:33:49.281975');
INSERT INTO "django_migrations" VALUES(13,'auth','0008_alter_user_username_max_length','2020-03-12 17:33:49.293581');
INSERT INTO "django_migrations" VALUES(14,'auth','0009_alter_user_last_name_max_length','2020-03-12 17:33:49.303502');
INSERT INTO "django_migrations" VALUES(15,'auth','0010_alter_group_name_max_length','2020-03-12 17:33:49.313646');
INSERT INTO "django_migrations" VALUES(16,'auth','0011_update_proxy_permissions','2020-03-12 17:33:49.321114');
INSERT INTO "django_migrations" VALUES(17,'diary','0001_initial','2020-03-12 17:33:49.354846');
INSERT INTO "django_migrations" VALUES(18,'sessions','0001_initial','2020-03-12 17:33:49.360005');
INSERT INTO "django_migrations" VALUES(19,'diary','0002_auto_20200312_2158','2020-03-12 21:58:06.268493');
INSERT INTO "django_migrations" VALUES(20,'diary','0003_auto_20200312_2202','2020-03-12 22:02:59.192592');
INSERT INTO "django_migrations" VALUES(21,'diary','0004_auto_20200312_2330','2020-03-12 23:31:02.535619');
INSERT INTO "django_migrations" VALUES(22,'diary','0005_auto_20200312_2331','2020-03-12 23:31:46.122832');
INSERT INTO "django_migrations" VALUES(23,'diary','0006_auto_20200312_2333','2020-03-12 23:33:37.317305');
INSERT INTO "django_migrations" VALUES(24,'diary','0007_workout_exercise','2020-03-15 11:48:19.848378');
INSERT INTO "django_migrations" VALUES(25,'diary','0008_remove_workout_exercise','2020-03-17 20:29:11.596339');
INSERT INTO "django_migrations" VALUES(26,'diary','0009_auto_20200320_2207','2020-03-20 22:08:03.761880');
INSERT INTO "django_migrations" VALUES(27,'diary','0010_auto_20200320_2227','2020-03-20 22:27:30.657185');
INSERT INTO "django_migrations" VALUES(28,'diary','0011_auto_20200320_2228','2020-03-20 22:28:52.887089');
INSERT INTO "django_migrations" VALUES(29,'diary','0012_auto_20200322_2033','2020-03-22 20:36:59.691973');
INSERT INTO "django_migrations" VALUES(30,'diary','0013_auto_20200322_2036','2020-03-22 20:36:59.739837');
INSERT INTO "django_migrations" VALUES(31,'diary','0014_auto_20200322_2037','2020-03-22 20:37:19.328516');
INSERT INTO "django_migrations" VALUES(32,'diary','0015_auto_20200327_1608','2020-03-27 16:08:19.491485');
INSERT INTO "django_migrations" VALUES(33,'account','0001_initial','2020-03-30 15:48:05.352502');
INSERT INTO "django_migrations" VALUES(34,'account','0002_email_max_length','2020-03-30 15:48:05.365402');
INSERT INTO "django_migrations" VALUES(35,'sites','0001_initial','2020-03-30 15:48:05.369544');
INSERT INTO "django_migrations" VALUES(36,'sites','0002_alter_domain_unique','2020-03-30 15:48:05.376660');
INSERT INTO "django_migrations" VALUES(37,'socialaccount','0001_initial','2020-03-30 15:48:05.412417');
INSERT INTO "django_migrations" VALUES(38,'socialaccount','0002_token_max_lengths','2020-03-30 15:48:05.440620');
INSERT INTO "django_migrations" VALUES(39,'socialaccount','0003_extra_data_default_dict','2020-03-30 15:48:05.451655');
INSERT INTO "django_migrations" VALUES(40,'diary','0016_auto_20200404_1911','2020-04-04 19:11:48.165767');
INSERT INTO "django_migrations" VALUES(41,'diary','0017_auto_20200404_1912','2020-04-04 19:12:53.405317');
INSERT INTO "django_migrations" VALUES(42,'diary','0002_set_description','2020-04-16 18:41:07.603724');
INSERT INTO "django_migrations" VALUES(43,'diary','0003_remove_set_description','2020-04-16 18:41:37.774397');
INSERT INTO "django_migrations" VALUES(44,'diary','0004_auto_20200416_1848','2020-04-16 18:48:10.147080');
INSERT INTO "django_migrations" VALUES(45,'diary','0002_auto_20200416_2058','2020-04-16 20:58:53.233286');
INSERT INTO "django_migrations" VALUES(46,'diary','0003_auto_20200417_0832','2020-04-17 08:32:22.601313');
INSERT INTO "django_migrations" VALUES(47,'diary','0004_auto_20200417_0834','2020-04-17 08:34:34.879515');
CREATE TABLE "auth_group_permissions" ("id" integer NOT NULL PRIMARY KEY AUTOINCREMENT, "group_id" integer NOT NULL REFERENCES "auth_group" ("id") DEFERRABLE INITIALLY DEFERRED, "permission_id" integer NOT NULL REFERENCES "auth_permission" ("id") DEFERRABLE INITIALLY DEFERRED);
CREATE TABLE "auth_user_groups" ("id" integer NOT NULL PRIMARY KEY AUTOINCREMENT, "user_id" integer NOT NULL REFERENCES "auth_user" ("id") DEFERRABLE INITIALLY DEFERRED, "group_id" integer NOT NULL REFERENCES "auth_group" ("id") DEFERRABLE INITIALLY DEFERRED);
CREATE TABLE "auth_user_user_permissions" ("id" integer NOT NULL PRIMARY KEY AUTOINCREMENT, "user_id" integer NOT NULL REFERENCES "auth_user" ("id") DEFERRABLE INITIALLY DEFERRED, "permission_id" integer NOT NULL REFERENCES "auth_permission" ("id") DEFERRABLE INITIALLY DEFERRED);
CREATE TABLE "django_admin_log" ("id" integer NOT NULL PRIMARY KEY AUTOINCREMENT, "action_time" datetime NOT NULL, "object_id" text NULL, "object_repr" varchar(200) NOT NULL, "change_message" text NOT NULL, "content_type_id" integer NULL REFERENCES "django_content_type" ("id") DEFERRABLE INITIALLY DEFERRED, "user_id" integer NOT NULL REFERENCES "auth_user" ("id") DEFERRABLE INITIALLY DEFERRED, "action_flag" smallint unsigned NOT NULL CHECK ("action_flag" >= 0));
INSERT INTO "django_admin_log" VALUES(1,'2020-03-13 22:41:39.866223','22','2Bench press2','',7,1,3);
INSERT INTO "django_admin_log" VALUES(2,'2020-03-13 22:45:37.860513','23','Bench press33','',7,1,3);
INSERT INTO "django_admin_log" VALUES(3,'2020-03-13 22:46:54.332124','25','tric','',7,1,3);
INSERT INTO "django_admin_log" VALUES(4,'2020-03-13 22:47:15.219364','24','111','',7,1,3);
INSERT INTO "django_admin_log" VALUES(5,'2020-03-13 22:47:15.222258','21','2Bench press','',7,1,3);
INSERT INTO "django_admin_log" VALUES(6,'2020-03-13 22:47:15.224785','20','Bench press','',7,1,3);
INSERT INTO "django_admin_log" VALUES(7,'2020-03-13 22:47:15.227009','19','Bench press','',7,1,3);
INSERT INTO "django_admin_log" VALUES(8,'2020-03-30 15:56:21.087328','1','https://localhost:8000/','[{"changed": {"fields": ["Domain name", "Display name"]}}]',10,1,2);
INSERT INTO "django_admin_log" VALUES(9,'2020-03-30 16:02:40.570543','1','Facebook','[{"added": {}}]',14,1,1);
INSERT INTO "django_admin_log" VALUES(10,'2020-03-30 16:12:13.603647','1','localhost:8000/','[{"changed": {"fields": ["Domain name", "Display name"]}}]',10,1,2);
INSERT INTO "django_admin_log" VALUES(11,'2020-04-08 15:24:02.158370','2','Google','[{"added": {}}]',14,1,1);
INSERT INTO "django_admin_log" VALUES(12,'2020-04-08 15:32:18.987224','2','Google','[]',14,1,2);
INSERT INTO "django_admin_log" VALUES(13,'2020-04-08 18:41:59.054230','2','lion7zion','',13,1,3);
INSERT INTO "django_admin_log" VALUES(14,'2020-04-09 12:56:28.807033','2','Google','[{"changed": {"fields": ["Client id", "Secret key"]}}]',14,1,2);
INSERT INTO "django_admin_log" VALUES(15,'2020-04-09 13:05:02.078483','5','lion7zion','',4,1,3);
INSERT INTO "django_admin_log" VALUES(16,'2020-04-09 13:07:25.446672','2','Google','[]',14,1,2);
INSERT INTO "django_admin_log" VALUES(17,'2020-04-09 13:12:42.435547','7','monkdok2','',4,1,3);
INSERT INTO "django_admin_log" VALUES(18,'2020-04-09 13:14:09.753731','8','dmytro7','',4,1,3);
INSERT INTO "django_admin_log" VALUES(19,'2020-04-09 13:15:35.810859','9','dmytro7','',4,1,3);
INSERT INTO "django_admin_log" VALUES(20,'2020-04-09 14:24:37.191694','10','dmytro6','',4,1,3);
INSERT INTO "django_admin_log" VALUES(21,'2020-04-09 14:24:37.194607','6','vira','',4,1,3);
INSERT INTO "django_admin_log" VALUES(22,'2020-04-09 14:38:34.465302','11','dmytro2','',4,1,3);
INSERT INTO "django_admin_log" VALUES(23,'2020-04-09 14:38:34.476747','4','dok','',4,1,3);
INSERT INTO "django_admin_log" VALUES(24,'2020-04-10 11:41:01.882950','90','1) 40x10(2020-04-10)','[{"added": {}}]',9,1,1);
INSERT INTO "django_admin_log" VALUES(25,'2020-04-16 11:14:04.131328','13','christy','',4,1,3);
CREATE TABLE "django_content_type" ("id" integer NOT NULL PRIMARY KEY AUTOINCREMENT, "app_label" varchar(100) NOT NULL, "model" varchar(100) NOT NULL);
INSERT INTO "django_content_type" VALUES(1,'admin','logentry');
INSERT INTO "django_content_type" VALUES(2,'auth','permission');
INSERT INTO "django_content_type" VALUES(3,'auth','group');
INSERT INTO "django_content_type" VALUES(4,'auth','user');
INSERT INTO "django_content_type" VALUES(5,'contenttypes','contenttype');
INSERT INTO "django_content_type" VALUES(6,'sessions','session');
INSERT INTO "django_content_type" VALUES(7,'diary','exercise');
INSERT INTO "django_content_type" VALUES(8,'diary','workout');
INSERT INTO "django_content_type" VALUES(9,'diary','set');
INSERT INTO "django_content_type" VALUES(10,'sites','site');
INSERT INTO "django_content_type" VALUES(11,'account','emailaddress');
INSERT INTO "django_content_type" VALUES(12,'account','emailconfirmation');
INSERT INTO "django_content_type" VALUES(13,'socialaccount','socialaccount');
INSERT INTO "django_content_type" VALUES(14,'socialaccount','socialapp');
INSERT INTO "django_content_type" VALUES(15,'socialaccount','socialtoken');
CREATE TABLE "auth_permission" ("id" integer NOT NULL PRIMARY KEY AUTOINCREMENT, "content_type_id" integer NOT NULL REFERENCES "django_content_type" ("id") DEFERRABLE INITIALLY DEFERRED, "codename" varchar(100) NOT NULL, "name" varchar(255) NOT NULL);
INSERT INTO "auth_permission" VALUES(1,1,'add_logentry','Can add log entry');
INSERT INTO "auth_permission" VALUES(2,1,'change_logentry','Can change log entry');
INSERT INTO "auth_permission" VALUES(3,1,'delete_logentry','Can delete log entry');
INSERT INTO "auth_permission" VALUES(4,1,'view_logentry','Can view log entry');
INSERT INTO "auth_permission" VALUES(5,2,'add_permission','Can add permission');
INSERT INTO "auth_permission" VALUES(6,2,'change_permission','Can change permission');
INSERT INTO "auth_permission" VALUES(7,2,'delete_permission','Can delete permission');
INSERT INTO "auth_permission" VALUES(8,2,'view_permission','Can view permission');
INSERT INTO "auth_permission" VALUES(9,3,'add_group','Can add group');
INSERT INTO "auth_permission" VALUES(10,3,'change_group','Can change group');
INSERT INTO "auth_permission" VALUES(11,3,'delete_group','Can delete group');
INSERT INTO "auth_permission" VALUES(12,3,'view_group','Can view group');
INSERT INTO "auth_permission" VALUES(13,4,'add_user','Can add user');
INSERT INTO "auth_permission" VALUES(14,4,'change_user','Can change user');
INSERT INTO "auth_permission" VALUES(15,4,'delete_user','Can delete user');
INSERT INTO "auth_permission" VALUES(16,4,'view_user','Can view user');
INSERT INTO "auth_permission" VALUES(17,5,'add_contenttype','Can add content type');
INSERT INTO "auth_permission" VALUES(18,5,'change_contenttype','Can change content type');
INSERT INTO "auth_permission" VALUES(19,5,'delete_contenttype','Can delete content type');
INSERT INTO "auth_permission" VALUES(20,5,'view_contenttype','Can view content type');
INSERT INTO "auth_permission" VALUES(21,6,'add_session','Can add session');
INSERT INTO "auth_permission" VALUES(22,6,'change_session','Can change session');
INSERT INTO "auth_permission" VALUES(23,6,'delete_session','Can delete session');
INSERT INTO "auth_permission" VALUES(24,6,'view_session','Can view session');
INSERT INTO "auth_permission" VALUES(25,7,'add_exercise','Can add exercise');
INSERT INTO "auth_permission" VALUES(26,7,'change_exercise','Can change exercise');
INSERT INTO "auth_permission" VALUES(27,7,'delete_exercise','Can delete exercise');
INSERT INTO "auth_permission" VALUES(28,7,'view_exercise','Can view exercise');
INSERT INTO "auth_permission" VALUES(29,8,'add_workout','Can add workout');
INSERT INTO "auth_permission" VALUES(30,8,'change_workout','Can change workout');
INSERT INTO "auth_permission" VALUES(31,8,'delete_workout','Can delete workout');
INSERT INTO "auth_permission" VALUES(32,8,'view_workout','Can view workout');
INSERT INTO "auth_permission" VALUES(33,9,'add_set','Can add set');
INSERT INTO "auth_permission" VALUES(34,9,'change_set','Can change set');
INSERT INTO "auth_permission" VALUES(35,9,'delete_set','Can delete set');
INSERT INTO "auth_permission" VALUES(36,9,'view_set','Can view set');
INSERT INTO "auth_permission" VALUES(37,10,'add_site','Can add site');
INSERT INTO "auth_permission" VALUES(38,10,'change_site','Can change site');
INSERT INTO "auth_permission" VALUES(39,10,'delete_site','Can delete site');
INSERT INTO "auth_permission" VALUES(40,10,'view_site','Can view site');
INSERT INTO "auth_permission" VALUES(41,11,'add_emailaddress','Can add email address');
INSERT INTO "auth_permission" VALUES(42,11,'change_emailaddress','Can change email address');
INSERT INTO "auth_permission" VALUES(43,11,'delete_emailaddress','Can delete email address');
INSERT INTO "auth_permission" VALUES(44,11,'view_emailaddress','Can view email address');
INSERT INTO "auth_permission" VALUES(45,12,'add_emailconfirmation','Can add email confirmation');
INSERT INTO "auth_permission" VALUES(46,12,'change_emailconfirmation','Can change email confirmation');
INSERT INTO "auth_permission" VALUES(47,12,'delete_emailconfirmation','Can delete email confirmation');
INSERT INTO "auth_permission" VALUES(48,12,'view_emailconfirmation','Can view email confirmation');
INSERT INTO "auth_permission" VALUES(49,13,'add_socialaccount','Can add social account');
INSERT INTO "auth_permission" VALUES(50,13,'change_socialaccount','Can change social account');
INSERT INTO "auth_permission" VALUES(51,13,'delete_socialaccount','Can delete social account');
INSERT INTO "auth_permission" VALUES(52,13,'view_socialaccount','Can view social account');
INSERT INTO "auth_permission" VALUES(53,14,'add_socialapp','Can add social application');
INSERT INTO "auth_permission" VALUES(54,14,'change_socialapp','Can change social application');
INSERT INTO "auth_permission" VALUES(55,14,'delete_socialapp','Can delete social application');
INSERT INTO "auth_permission" VALUES(56,14,'view_socialapp','Can view social application');
INSERT INTO "auth_permission" VALUES(57,15,'add_socialtoken','Can add social application token');
INSERT INTO "auth_permission" VALUES(58,15,'change_socialtoken','Can change social application token');
INSERT INTO "auth_permission" VALUES(59,15,'delete_socialtoken','Can delete social application token');
INSERT INTO "auth_permission" VALUES(60,15,'view_socialtoken','Can view social application token');
CREATE TABLE "auth_user" ("id" integer NOT NULL PRIMARY KEY AUTOINCREMENT, "password" varchar(128) NOT NULL, "last_login" datetime NULL, "is_superuser" bool NOT NULL, "username" varchar(150) NOT NULL UNIQUE, "first_name" varchar(30) NOT NULL, "email" varchar(254) NOT NULL, "is_staff" bool NOT NULL, "is_active" bool NOT NULL, "date_joined" datetime NOT NULL, "last_name" varchar(150) NOT NULL);
INSERT INTO "auth_user" VALUES(1,'pbkdf2_sha256$180000$B5XhmoNTiPVl$q4EeWwcFd7fOfieSnnMYx41xTtuFontpyamJtd/YBE4=','2020-04-17 11:16:21.931056',1,'dok_jf','','',1,1,'2020-03-12 17:33:58.568723','');
INSERT INTO "auth_user" VALUES(2,'pbkdf2_sha256$180000$pI2TFIeRFPwt$BHcEFQZr4id9l06x9Cdir02JNBVBqvVCHYvIb0CqYWk=','2020-03-24 19:19:51.899133',0,'test','','',0,1,'2020-03-12 18:55:57.129081','');
INSERT INTO "auth_user" VALUES(3,'!zAZlTaOhjD1WObjIbvjyhKv3COA97nv4nhRA6iMX','2020-04-09 14:57:43.610967',0,'dmytro','Dmytro','monkdok@gmail.com',0,1,'2020-04-03 15:59:11.590459','Kovalov');
INSERT INTO "auth_user" VALUES(12,'!ecZKUhHB11sqDnu5SFTL5KSebx658OIvVw3ESEVi','2020-04-09 14:38:51.328941',0,'dmytro0','Dmytro','monkdok2@gmail.com',0,1,'2020-04-09 14:38:51.250884','Kovalov');
INSERT INTO "auth_user" VALUES(14,'pbkdf2_sha256$180000$tBV7vxwydRIu$i8AjaKKNPYGmo2oVwcFX8jJkopvfAMChTvmPBnKL1uA=','2020-04-17 08:43:22.806369',0,'Christyy','','monkdokk@gmail.com',0,1,'2020-04-17 08:43:22.679508','');
INSERT INTO "auth_user" VALUES(15,'pbkdf2_sha256$180000$14oZqNpQ7Ppt$fGqws26j9q/Q3FVP/EkfSYH8fRXlFPc8iL1xXj+2R/U=','2020-04-17 16:08:47.641019',0,'vadym','','vadyms@outlook.com',0,1,'2020-04-17 16:08:47.326401','');
CREATE TABLE "auth_group" ("id" integer NOT NULL PRIMARY KEY AUTOINCREMENT, "name" varchar(150) NOT NULL UNIQUE);
CREATE TABLE "django_session" ("session_key" varchar(40) NOT NULL PRIMARY KEY, "session_data" text NOT NULL, "expire_date" datetime NOT NULL);
INSERT INTO "django_session" VALUES('egjnccr44yku8ayms7ypth7lbgxw2a5c','ZjA4ODEyZDMyZjk0MDM0M2U4OGZjMmNiMGIxMzc4NzdkMmJlZDJjZjp7ImFsbGF1dGhfZmFjZWJvb2tfbm9uY2UiOiJGY0Njb0NxSngyQlZ3VzNZVFRLT1VDRDdCekQ2TkRzMyIsInNvY2lhbGFjY291bnRfc29jaWFsbG9naW4iOnsiYWNjb3VudCI6eyJpZCI6bnVsbCwidXNlcl9pZCI6bnVsbCwicHJvdmlkZXIiOiJnb29nbGUiLCJ1aWQiOiIxMDA5NjkzNzI1NDc2MzA4MTE1NDMiLCJsYXN0X2xvZ2luIjpudWxsLCJkYXRlX2pvaW5lZCI6bnVsbCwiZXh0cmFfZGF0YSI6eyJpZCI6IjEwMDk2OTM3MjU0NzYzMDgxMTU0MyIsImVtYWlsIjoibW9ua2RvazJAZ21haWwuY29tIiwidmVyaWZpZWRfZW1haWwiOnRydWUsIm5hbWUiOiJEbXl0cm8gS292YWxvdiIsImdpdmVuX25hbWUiOiJEbXl0cm8iLCJmYW1pbHlfbmFtZSI6IktvdmFsb3YiLCJwaWN0dXJlIjoiaHR0cHM6Ly9saDMuZ29vZ2xldXNlcmNvbnRlbnQuY29tL2EtL0FPaDE0R2gxS0dRTTJVNHh0SGlGZ250ZzF4akZHalE5WlVwcmNseTZtZUNmVVEiLCJsb2NhbGUiOiJlbiJ9fSwidXNlciI6eyJpZCI6bnVsbCwicGFzc3dvcmQiOiIhUlJGbVhJUjR1OXFacTVFUUVSbzR0Ym0wR0RaSWdWQ3Y4eW9mTnRaaSIsImxhc3RfbG9naW4iOm51bGwsImlzX3N1cGVydXNlciI6ZmFsc2UsInVzZXJuYW1lIjoiIiwiZmlyc3RfbmFtZSI6IkRteXRybyIsImxhc3RfbmFtZSI6IktvdmFsb3YiLCJlbWFpbCI6Im1vbmtkb2syQGdtYWlsLmNvbSIsImlzX3N0YWZmIjpmYWxzZSwiaXNfYWN0aXZlIjp0cnVlLCJkYXRlX2pvaW5lZCI6IjIwMjAtMDQtMDlUMTM6MDQ6MTQuMzEzWiJ9LCJzdGF0ZSI6eyJuZXh0IjoiLyIsInByb2Nlc3MiOiJsb2dpbiIsInNjb3BlIjoiIiwiYXV0aF9wYXJhbXMiOiIifSwiZW1haWxfYWRkcmVzc2VzIjpbeyJpZCI6bnVsbCwidXNlcl9pZCI6bnVsbCwiZW1haWwiOiJtb25rZG9rMkBnbWFpbC5jb20iLCJ2ZXJpZmllZCI6dHJ1ZSwicHJpbWFyeSI6dHJ1ZX1dLCJ0b2tlbiI6eyJpZCI6bnVsbCwiYXBwX2lkIjpudWxsLCJhY2NvdW50X2lkIjpudWxsLCJ0b2tlbiI6InlhMjkuYTBBZTRsdkMzRzZROEhvR3p4ZUdSb1NEZl94Z2R3Q1oxQnloYUtEaDFJWkJUcDJDTTVBOTJySFc2TDdHcVdHUWpYMVFQZjRDM2tnbjV1X2R6TzduNzhRN0QxbUV1OGd3REs0dGM1OFRqY2VBaFdDaUp6QWVCckVUWTdqLVNsdTZLcTYyR1hFd2xadTBJd1pkWUF1cVNZTk1kTlp1X1pLd25mcF9FIiwidG9rZW5fc2VjcmV0IjoiIiwiZXhwaXJlc19hdCI6IjIwMjAtMDQtMDlUMTQ6MDQ6MTMuMTQzWiJ9fSwic29jaWFsYWNjb3VudF9zdGF0ZSI6W3sibmV4dCI6Ii8iLCJwcm9jZXNzIjoibG9naW4iLCJzY29wZSI6IiIsImF1dGhfcGFyYW1zIjoiIn0sImkxa1FrSU1LS3ZhUyJdfQ==','2020-04-23 13:14:23.114514');
INSERT INTO "django_session" VALUES('1h9gq413k2ir8458agk2pxj3tw0ekpxu','NjIwNDY1YjlkNzg0ODA5MTIyNjI0OWY5ZDdkYjNmYmI1NTc1Y2NlMjp7ImFsbGF1dGhfZmFjZWJvb2tfbm9uY2UiOiJaUWZ0a2lWY2FiRTJWZXBqU0V2aUx4TjVSTW5oQlVuMSIsInNvY2lhbGFjY291bnRfc3RhdGUiOlt7Im5leHQiOiIvIiwicHJvY2VzcyI6ImxvZ2luIiwic2NvcGUiOiIiLCJhdXRoX3BhcmFtcyI6IiJ9LCJEOWpyWEFTNnU2SFEiXX0=','2020-04-23 14:29:53.324024');
INSERT INTO "django_session" VALUES('1767da8yfr652egybv2rfwob0bwo7e3n','NmFiNzAxZjA0Y2Y4MzA1ZTg4MjRhYzViOTFlNDBjNmZjM2E5MWFmYTp7ImFsbGF1dGhfZmFjZWJvb2tfbm9uY2UiOiI1RVlJbjVUM1ZaZWZGeGhFdmt0aE02RGw4WkN1enRueCIsImFjY291bnRfdmVyaWZpZWRfZW1haWwiOm51bGwsIl9hdXRoX3VzZXJfaWQiOiIxMSIsIl9hdXRoX3VzZXJfYmFja2VuZCI6ImFsbGF1dGguYWNjb3VudC5hdXRoX2JhY2tlbmRzLkF1dGhlbnRpY2F0aW9uQmFja2VuZCIsIl9hdXRoX3VzZXJfaGFzaCI6IjVmNmNjMjc3YmJiMzFiNzMyN2IyN2Q3NWNiMmUxZjlhN2MyNzJmNDkifQ==','2020-04-23 14:33:52.292912');
INSERT INTO "django_session" VALUES('595es0sftq7xnlkta66u0i1ghangxx3s','OWViODQ4YTA4ODZkNWYyMzEzYmFiMzJiN2Q0YjhkZDdhMTczYzYxZTp7ImFsbGF1dGhfZmFjZWJvb2tfbm9uY2UiOiJiNTFsZDk3WnJYdm1sUHdab1lZMDZ1MUZ1UkdtU1BjViIsInNvY2lhbGFjY291bnRfc29jaWFsbG9naW4iOnsiYWNjb3VudCI6eyJpZCI6bnVsbCwidXNlcl9pZCI6bnVsbCwicHJvdmlkZXIiOiJnb29nbGUiLCJ1aWQiOiIxMTczMjIzNjk3ODgzMzA5MTczNzMiLCJsYXN0X2xvZ2luIjpudWxsLCJkYXRlX2pvaW5lZCI6bnVsbCwiZXh0cmFfZGF0YSI6eyJpZCI6IjExNzMyMjM2OTc4ODMzMDkxNzM3MyIsImVtYWlsIjoibW9ua2Rva0BnbWFpbC5jb20iLCJ2ZXJpZmllZF9lbWFpbCI6dHJ1ZSwibmFtZSI6IkRtaXRyaXkgS292YWx5b3YiLCJnaXZlbl9uYW1lIjoiRG1pdHJpeSIsImZhbWlseV9uYW1lIjoiS292YWx5b3YiLCJwaWN0dXJlIjoiaHR0cHM6Ly9saDMuZ29vZ2xldXNlcmNvbnRlbnQuY29tL2EtL0FPaDE0R2pvTFlsRWdJOU5XTk1DR1ZQeFFpdVMxWFdhTTJKSlF3ZHN1eW5BU2ciLCJsb2NhbGUiOiJydSJ9fSwidXNlciI6eyJpZCI6bnVsbCwicGFzc3dvcmQiOiIhZXFVaE4yZ05GZzNQNVFGTFozeTJ4MU16Z3pvWnJiaGxPY3RhVm0xQiIsImxhc3RfbG9naW4iOm51bGwsImlzX3N1cGVydXNlciI6ZmFsc2UsInVzZXJuYW1lIjoiIiwiZmlyc3RfbmFtZSI6IkRtaXRyaXkiLCJsYXN0X25hbWUiOiJLb3ZhbHlvdiIsImVtYWlsIjoibW9ua2Rva0BnbWFpbC5jb20iLCJpc19zdGFmZiI6ZmFsc2UsImlzX2FjdGl2ZSI6dHJ1ZSwiZGF0ZV9qb2luZWQiOiIyMDIwLTA0LTA5VDE0OjI5OjE5LjM3MFoifSwic3RhdGUiOnsibmV4dCI6Ii8iLCJwcm9jZXNzIjoibG9naW4iLCJzY29wZSI6IiIsImF1dGhfcGFyYW1zIjoiIn0sImVtYWlsX2FkZHJlc3NlcyI6W3siaWQiOm51bGwsInVzZXJfaWQiOm51bGwsImVtYWlsIjoibW9ua2Rva0BnbWFpbC5jb20iLCJ2ZXJpZmllZCI6dHJ1ZSwicHJpbWFyeSI6dHJ1ZX1dLCJ0b2tlbiI6eyJpZCI6bnVsbCwiYXBwX2lkIjpudWxsLCJhY2NvdW50X2lkIjpudWxsLCJ0b2tlbiI6InlhMjkuYTBBZTRsdkMyYW9KN2VDQ2FscUZPWmFjNTcxNGNQeks2b2wzeXBzZ0ZVMXB1Yk1rdDlCdHdzM1ZlNUVYUE95YkRNZTQxVWpIbkZnZzhmdktjaTNiVTdZZktscnNGNnpEOVJMUENPSlc3bXhENjByaWJIdTFmdVVfU09jeldacU12QUtyWE5fVEpCSjF5Rk05Vng0QldaSEtmU19MbWYyTlRQUWJrIiwidG9rZW5fc2VjcmV0IjoiIiwiZXhwaXJlc19hdCI6IjIwMjAtMDQtMDlUMTU6Mjk6MTguMTM1WiJ9fSwiX2F1dGhfdXNlcl9pZCI6IjEiLCJfYXV0aF91c2VyX2JhY2tlbmQiOiJkamFuZ28uY29udHJpYi5hdXRoLmJhY2tlbmRzLk1vZGVsQmFja2VuZCIsIl9hdXRoX3VzZXJfaGFzaCI6IjU1YzNmNmViZTk1NzQzNWEwNmU4NmJkMmIzYmM3NWFhYTc4ZTIxYjIiLCJfc2Vzc2lvbl9leHBpcnkiOjB9','2020-04-23 14:36:13.141475');
INSERT INTO "django_session" VALUES('aiz9t4x6ui7egmbblb2m4sd9mxqjfxwl','MmMwMWFmMzE1ZmJlZWZlMjc2NWNlMzk5NThjMjQyMGU2MDMxZDkxMjp7ImFsbGF1dGhfZmFjZWJvb2tfbm9uY2UiOiIxcGxQbWtta1RoM1VlR0lTcjh0Znk3RWNlU0w3cHlmQyJ9','2020-04-23 14:39:37.783310');
INSERT INTO "django_session" VALUES('fs1u51drc008pfrelg1rukdin9xlrkk7','NWQ1MjEzZDY4MzZmZWY1OGZkNjhhNWVlYjllNTA0NTE1OGNjYjVlODp7ImFsbGF1dGhfZmFjZWJvb2tfbm9uY2UiOiJ4bDNScHc2NkE5U2p2NzVEbFJCa3MxRDRzTUtpeDVRRSJ9','2020-04-23 14:50:06.022116');
INSERT INTO "django_session" VALUES('sjl43kn110939df4kcn7m3u380qu8sfs','ZWFmNjA2ZjczMjcwYTA3ZDc0ZWJkMGU0OGZhMTdiZGI5Y2VjYjQ0Nzp7Il9hdXRoX3VzZXJfaWQiOiIzIiwiX2F1dGhfdXNlcl9iYWNrZW5kIjoiYWxsYXV0aC5hY2NvdW50LmF1dGhfYmFja2VuZHMuQXV0aGVudGljYXRpb25CYWNrZW5kIiwiX2F1dGhfdXNlcl9oYXNoIjoiZTE1NTc4NmRhNWYwMmY1OWM5N2E4Mjc4ZGRhNDRjNDMwMmNkMDI0MiJ9','2020-04-23 14:57:43.620420');
INSERT INTO "django_session" VALUES('qi2cig1ys25zgwff83z2x9bz1xh9shbg','NTQ1M2YyYjVlNTc0Y2I2MTc5NmFhOTc5OWEzMzcwOTRmZTk0NjBmNzp7ImFsbGF1dGhfZmFjZWJvb2tfbm9uY2UiOiJRQVFQSTgxN3FQdFpwdnIzWHRHWDBhUEsyTjZRejZiRiIsIl9hdXRoX3VzZXJfaWQiOiIxIiwiX2F1dGhfdXNlcl9iYWNrZW5kIjoiZGphbmdvLmNvbnRyaWIuYXV0aC5iYWNrZW5kcy5Nb2RlbEJhY2tlbmQiLCJfYXV0aF91c2VyX2hhc2giOiI1NWMzZjZlYmU5NTc0MzVhMDZlODZiZDJiM2JjNzVhYWE3OGUyMWIyIiwiX3Nlc3Npb25fZXhwaXJ5IjowfQ==','2020-05-01 09:01:25.969431');
INSERT INTO "django_session" VALUES('1l5wjv8d9q7r7v0ql9cjb20d71fwpfc0','NjI3OWJiYWZiYTc3ZDQyMGUxNjdmMzFkNDY1NGJjNGQxZGUwZDE1Mzp7ImFsbGF1dGhfZmFjZWJvb2tfbm9uY2UiOiJhMTBzV0h5d1g1SlByNTNzUDNKc25IR3oxTWxxM204ayIsIl9hdXRoX3VzZXJfaWQiOiIxIiwiX2F1dGhfdXNlcl9iYWNrZW5kIjoiZGphbmdvLmNvbnRyaWIuYXV0aC5iYWNrZW5kcy5Nb2RlbEJhY2tlbmQiLCJfYXV0aF91c2VyX2hhc2giOiI1NWMzZjZlYmU5NTc0MzVhMDZlODZiZDJiM2JjNzVhYWE3OGUyMWIyIiwiX3Nlc3Npb25fZXhwaXJ5IjowfQ==','2020-05-01 09:25:23.932913');
INSERT INTO "django_session" VALUES('ba8wizr0h67b9xcnbvw0n3xrkp8y94tn','ZDhhOTdmMTNlZGFmOTkyM2VhMmIxNDdhYjZmNmZiOWNkMDA1NDZjOTp7ImFsbGF1dGhfZmFjZWJvb2tfbm9uY2UiOiI3bExSQ1p2R3FNTk1iSlNicnh2MUgyT1BiV0tWS2xWbyIsIl9hdXRoX3VzZXJfaWQiOiIxIiwiX2F1dGhfdXNlcl9iYWNrZW5kIjoiZGphbmdvLmNvbnRyaWIuYXV0aC5iYWNrZW5kcy5Nb2RlbEJhY2tlbmQiLCJfYXV0aF91c2VyX2hhc2giOiI1NWMzZjZlYmU5NTc0MzVhMDZlODZiZDJiM2JjNzVhYWE3OGUyMWIyIiwiX3Nlc3Npb25fZXhwaXJ5IjowfQ==','2020-05-01 11:16:21.972849');
INSERT INTO "django_session" VALUES('zjek7uaa826blt4iid8tz5n90kn9p63v','YTA0M2FiMDI0NTRhMmU4NTM5ZTg2ZTJiMmU3YmVhMmJkYzIyNjk3NTp7ImFsbGF1dGhfZmFjZWJvb2tfbm9uY2UiOiJlWWt5QzRzZ2Z2N1lOd1loaGw3UGxtT21BWnZUVjZ1OSJ9','2020-05-01 12:20:05.724968');
INSERT INTO "django_session" VALUES('knjnp9gbs0np5kjjp206y5ywg4qt67yd','Mzg1Y2Q2MThjNTAxMTVhNjI2OWY4ZWZmNWM4MWNiYTM3MzQzZDg2MTp7ImFjY291bnRfdmVyaWZpZWRfZW1haWwiOm51bGwsIl9hdXRoX3VzZXJfaWQiOiIxNSIsIl9hdXRoX3VzZXJfYmFja2VuZCI6ImFsbGF1dGguYWNjb3VudC5hdXRoX2JhY2tlbmRzLkF1dGhlbnRpY2F0aW9uQmFja2VuZCIsIl9hdXRoX3VzZXJfaGFzaCI6ImI5MTc2YzhlNjU3Yzk3ZjUxOGJiZmQyOWE4YWJmOGE1ZmRjODg1YWIifQ==','2020-05-01 16:08:47.692617');
CREATE TABLE "account_emailconfirmation" ("id" integer NOT NULL PRIMARY KEY AUTOINCREMENT, "created" datetime NOT NULL, "sent" datetime NULL, "key" varchar(64) NOT NULL UNIQUE, "email_address_id" integer NOT NULL REFERENCES "account_emailaddress" ("id") DEFERRABLE INITIALLY DEFERRED);
CREATE TABLE "account_emailaddress" ("id" integer NOT NULL PRIMARY KEY AUTOINCREMENT, "verified" bool NOT NULL, "primary" bool NOT NULL, "user_id" integer NOT NULL REFERENCES "auth_user" ("id") DEFERRABLE INITIALLY DEFERRED, "email" varchar(254) NOT NULL UNIQUE);
INSERT INTO "account_emailaddress" VALUES(1,0,1,3,'monkdok@gmail.com');
INSERT INTO "account_emailaddress" VALUES(7,1,1,12,'monkdok2@gmail.com');
INSERT INTO "account_emailaddress" VALUES(9,0,1,14,'monkdokk@gmail.com');
INSERT INTO "account_emailaddress" VALUES(10,0,1,15,'vadyms@outlook.com');
CREATE TABLE "django_site" ("id" integer NOT NULL PRIMARY KEY AUTOINCREMENT, "name" varchar(50) NOT NULL, "domain" varchar(100) NOT NULL UNIQUE);
INSERT INTO "django_site" VALUES(1,'localhost:8000/','localhost:8000/');
CREATE TABLE "socialaccount_socialapp_sites" ("id" integer NOT NULL PRIMARY KEY AUTOINCREMENT, "socialapp_id" integer NOT NULL REFERENCES "socialaccount_socialapp" ("id") DEFERRABLE INITIALLY DEFERRED, "site_id" integer NOT NULL REFERENCES "django_site" ("id") DEFERRABLE INITIALLY DEFERRED);
INSERT INTO "socialaccount_socialapp_sites" VALUES(1,1,1);
INSERT INTO "socialaccount_socialapp_sites" VALUES(2,2,1);
CREATE TABLE "socialaccount_socialtoken" ("id" integer NOT NULL PRIMARY KEY AUTOINCREMENT, "token" text NOT NULL, "token_secret" text NOT NULL, "expires_at" datetime NULL, "account_id" integer NOT NULL REFERENCES "socialaccount_socialaccount" ("id") DEFERRABLE INITIALLY DEFERRED, "app_id" integer NOT NULL REFERENCES "socialaccount_socialapp" ("id") DEFERRABLE INITIALLY DEFERRED);
INSERT INTO "socialaccount_socialtoken" VALUES(1,'EAAPdorcBNAQBABgw49GOZBqGXAZAqOLTZB1Gq9Q4KZB6pvpV6lEbvsAoCgxH6E38WZA4JkW7TiyL7EYAjHduW4I8oACOD94Vwzl81qx1jkpDJrtooR5gvJSlujf8fkDxFgNBMJGb2VicMzmFlcvSBYXW5VNBueE4ZAc6uEaca9kAZDZD','','2020-06-07 15:43:18.279960',1,1);
CREATE TABLE "socialaccount_socialapp" ("id" integer NOT NULL PRIMARY KEY AUTOINCREMENT, "provider" varchar(30) NOT NULL, "name" varchar(40) NOT NULL, "client_id" varchar(191) NOT NULL, "key" varchar(191) NOT NULL, "secret" varchar(191) NOT NULL);
INSERT INTO "socialaccount_socialapp" VALUES(1,'facebook','Facebook','1088115854881796','','c6abcc04e7cdeceeb6e656f749d583ef');
INSERT INTO "socialaccount_socialapp" VALUES(2,'google','Google','1068417660600-b1rvf41jh129q5gurb2cgedn2o9ol81e.apps.googleusercontent.com','','8xxG7kX-p7lqrR6uQHg2H_zx');
CREATE TABLE "socialaccount_socialaccount" ("id" integer NOT NULL PRIMARY KEY AUTOINCREMENT, "provider" varchar(30) NOT NULL, "uid" varchar(191) NOT NULL, "last_login" datetime NOT NULL, "date_joined" datetime NOT NULL, "user_id" integer NOT NULL REFERENCES "auth_user" ("id") DEFERRABLE INITIALLY DEFERRED, "extra_data" text NOT NULL);
INSERT INTO "socialaccount_socialaccount" VALUES(1,'facebook','2499187746849105','2020-04-09 14:57:43.581436','2020-04-03 15:59:11.614218',3,'{"id": "2499187746849105", "email": "monkdok@gmail.com", "name": "Dmytro Kovalov", "first_name": "Dmytro", "last_name": "Kovalov"}');
INSERT INTO "socialaccount_socialaccount" VALUES(9,'google','100969372547630811543','2020-04-09 14:38:51.314016','2020-04-09 14:38:51.314058',12,'{"id": "100969372547630811543", "email": "monkdok2@gmail.com", "verified_email": true, "name": "Dmytro Kovalov", "given_name": "Dmytro", "family_name": "Kovalov", "picture": "https://lh3.googleusercontent.com/a-/AOh14Gh1KGQM2U4xtHiFgntg1xjFGjQ9ZUprcly6meCfUQ", "locale": "en"}');
CREATE TABLE "diary_set" ("id" integer NOT NULL PRIMARY KEY AUTOINCREMENT, "set_number" integer unsigned NOT NULL CHECK ("set_number" >= 0), "reps" integer unsigned NOT NULL CHECK ("reps" >= 0), "volume" integer unsigned NULL CHECK ("volume" >= 0), "date" date NOT NULL, "author_id" integer NOT NULL REFERENCES "auth_user" ("id") DEFERRABLE INITIALLY DEFERRED, "exercise_id" integer NULL REFERENCES "diary_exercise" ("exercise_id") DEFERRABLE INITIALLY DEFERRED, "weight" integer unsigned NULL CHECK ("weight" >= 0));
INSERT INTO "diary_set" VALUES(7,1,20,0,'2020-03-20',1,31,20);
INSERT INTO "diary_set" VALUES(8,1,12,0,'2020-03-20',1,41,80);
INSERT INTO "diary_set" VALUES(9,1,20,0,'2020-03-20',2,42,20);
INSERT INTO "diary_set" VALUES(11,1,30,0,'2020-03-22',1,31,30);
INSERT INTO "diary_set" VALUES(13,3,40,0,'2020-03-22',1,31,40);
INSERT INTO "diary_set" VALUES(15,3,45,0,'2020-03-22',1,31,45);
INSERT INTO "diary_set" VALUES(20,6,34,0,'2020-03-22',1,31,34);
INSERT INTO "diary_set" VALUES(22,1,10,0,'2020-03-22',1,31,10);
INSERT INTO "diary_set" VALUES(23,1,8,0,'2020-03-23',1,31,80);
INSERT INTO "diary_set" VALUES(24,2,7,0,'2020-03-23',1,31,80);
INSERT INTO "diary_set" VALUES(25,3,6,0,'2020-03-23',1,31,80);
INSERT INTO "diary_set" VALUES(27,1,12,0,'2020-03-24',1,31,40);
INSERT INTO "diary_set" VALUES(28,2,10,0,'2020-03-24',1,31,60);
INSERT INTO "diary_set" VALUES(29,3,11,0,'2020-03-24',1,31,70);
INSERT INTO "diary_set" VALUES(30,4,6,0,'2020-03-24',1,31,90);
INSERT INTO "diary_set" VALUES(31,5,12,0,'2020-03-24',1,31,80);
INSERT INTO "diary_set" VALUES(32,1,10,0,'2020-03-24',1,32,40);
INSERT INTO "diary_set" VALUES(33,1,7,0,'2020-03-27',1,32,45);
INSERT INTO "diary_set" VALUES(34,1,17,0,'2020-03-30',1,31,60);
INSERT INTO "diary_set" VALUES(35,1,13,0,'2020-04-03',1,41,80);
INSERT INTO "diary_set" VALUES(64,1,1,0,'2020-04-04',3,51,80);
INSERT INTO "diary_set" VALUES(68,1,40,0,'2020-04-04',1,52,NULL);
INSERT INTO "diary_set" VALUES(79,1,35,0,'2020-04-07',3,68,NULL);
INSERT INTO "diary_set" VALUES(80,2,34,0,'2020-04-07',3,68,NULL);
INSERT INTO "diary_set" VALUES(82,1,10,0,'2020-04-07',3,69,NULL);
INSERT INTO "diary_set" VALUES(83,2,8,0,'2020-04-07',3,69,NULL);
INSERT INTO "diary_set" VALUES(84,1,12,0,'2020-04-07',3,70,5);
INSERT INTO "diary_set" VALUES(85,2,10,0,'2020-04-07',3,70,5);
INSERT INTO "diary_set" VALUES(86,1,10,0,'2020-04-07',3,51,80);
INSERT INTO "diary_set" VALUES(87,2,8,0,'2020-04-07',3,51,80);
INSERT INTO "diary_set" VALUES(88,3,5,0,'2020-04-07',3,51,8);
INSERT INTO "diary_set" VALUES(89,1,12,0,'2020-04-09',12,72,80);
INSERT INTO "diary_set" VALUES(90,1,10,0,'2020-04-10',1,32,40);
INSERT INTO "diary_set" VALUES(91,1,13,0,'2020-04-12',1,32,40);
INSERT INTO "diary_set" VALUES(92,2,11,0,'2020-04-12',1,32,40);
INSERT INTO "diary_set" VALUES(93,3,8,0,'2020-04-12',1,32,40);
INSERT INTO "diary_set" VALUES(94,1,10,0,'2020-04-12',1,73,100);
INSERT INTO "diary_set" VALUES(95,2,8,0,'2020-04-12',1,73,100);
INSERT INTO "diary_set" VALUES(96,3,10,0,'2020-04-12',1,73,100);
INSERT INTO "diary_set" VALUES(97,1,45,0,'2020-04-12',1,52,NULL);
INSERT INTO "diary_set" VALUES(98,2,40,0,'2020-04-12',1,52,NULL);
INSERT INTO "diary_set" VALUES(99,1,12,0,'2020-04-12',1,74,7);
INSERT INTO "diary_set" VALUES(100,4,5,0,'2020-04-12',1,32,40);
INSERT INTO "diary_set" VALUES(101,5,8,0,'2020-04-12',1,32,35);
INSERT INTO "diary_set" VALUES(102,1,6,0,'2020-04-12',1,31,90);
INSERT INTO "diary_set" VALUES(103,2,12,0,'2020-04-12',1,31,80);
INSERT INTO "diary_set" VALUES(104,3,9,0,'2020-04-12',1,31,80);
INSERT INTO "diary_set" VALUES(105,4,6,0,'2020-04-12',1,31,80);
INSERT INTO "diary_set" VALUES(106,5,8,0,'2020-04-12',1,31,75);
INSERT INTO "diary_set" VALUES(107,1,7,0,'2020-04-14',1,31,90);
INSERT INTO "diary_set" VALUES(108,2,4,0,'2020-04-14',1,31,90);
INSERT INTO "diary_set" VALUES(109,3,8,0,'2020-04-14',1,31,80);
INSERT INTO "diary_set" VALUES(110,4,6,0,'2020-04-14',1,31,80);
INSERT INTO "diary_set" VALUES(111,5,10,0,'2020-04-14',1,31,75);
INSERT INTO "diary_set" VALUES(112,1,15,1200,'2020-04-16',1,31,80);
INSERT INTO "diary_set" VALUES(113,2,10,800,'2020-04-16',1,31,80);
INSERT INTO "diary_set" VALUES(114,3,8,640,'2020-04-16',1,31,80);
INSERT INTO "diary_set" VALUES(115,4,10,750,'2020-04-16',1,31,75);
INSERT INTO "diary_set" VALUES(116,5,15,900,'2020-04-16',1,31,60);
INSERT INTO "diary_set" VALUES(117,6,10,600,'2020-04-16',1,31,60);
INSERT INTO "diary_set" VALUES(118,7,8,480,'2020-04-16',1,31,60);
INSERT INTO "diary_set" VALUES(119,1,30,300,'2020-04-17',15,78,10);
INSERT INTO "diary_set" VALUES(120,2,5,100,'2020-04-17',15,78,20);
INSERT INTO "diary_set" VALUES(121,1,20,100,'2020-04-17',15,79,5);
CREATE TABLE "diary_exercise" ("title" varchar(100) NOT NULL, "description" varchar(100) NOT NULL, "slug" varchar(100) NOT NULL UNIQUE, "date" datetime NOT NULL, "author_id" integer NOT NULL REFERENCES "auth_user" ("id") DEFERRABLE INITIALLY DEFERRED, "workout_id" integer NULL REFERENCES "diary_workout" ("workout_id") DEFERRABLE INITIALLY DEFERRED, "exercise_id" integer NOT NULL PRIMARY KEY AUTOINCREMENT);
INSERT INTO "diary_exercise" VALUES('Bench press','','bench-press-dok_jf','2020-03-18 14:04:47.150535',1,13,31);
INSERT INTO "diary_exercise" VALUES('French press','','french-press-dok_jf','2020-03-18 17:21:04.502228',1,13,32);
INSERT INTO "diary_exercise" VALUES('Squat','','squat-dok_jf','2020-03-20 22:52:10.998841',1,18,41);
INSERT INTO "diary_exercise" VALUES('Bench press','','bench-press-test','2020-03-20 22:53:51.200050',2,19,42);
INSERT INTO "diary_exercise" VALUES('Bench press','','bench-press-dmytro','2020-04-04 16:34:31.390321',3,29,51);
INSERT INTO "diary_exercise" VALUES('Push Ups','','push-ups-dok_jf','2020-04-04 19:16:50.483783',1,13,52);
INSERT INTO "diary_exercise" VALUES('Squat','','vera-squat-dmytro','2020-04-07 18:18:15.261115',3,44,68);
INSERT INTO "diary_exercise" VALUES('Push Ups','','vera-push-ups-dmytro','2020-04-07 18:18:59.842980',3,44,69);
INSERT INTO "diary_exercise" VALUES('Biceps','','vera-biceps-dmytro','2020-04-07 18:19:23.651751',3,44,70);
INSERT INTO "diary_exercise" VALUES('Squat','','veras-training-squat-dmytro','2020-04-07 19:06:14.805883',3,45,71);
INSERT INTO "diary_exercise" VALUES('Bench press','','chest-bench-press-dmytro0','2020-04-09 14:39:14.575948',12,46,72);
INSERT INTO "diary_exercise" VALUES('deadlift','','back-deadlift-dok_jf','2020-04-12 13:17:49.018507',1,28,73);
INSERT INTO "diary_exercise" VALUES('Shoulders','','chest-shoulders-dok_jf','2020-04-12 15:34:20.581546',1,13,74);
INSERT INTO "diary_exercise" VALUES('Bench press','','Chest-Bench-press-Christyy-14','2020-04-17 08:43:39.902926',14,55,77);
INSERT INTO "diary_exercise" VALUES('first','the first one','Spring-2020-first-vadym-15','2020-04-17 16:09:55.022220',15,59,78);
INSERT INTO "diary_exercise" VALUES('second','the second one','Spring-2020-second-vadym-15','2020-04-17 16:10:12.156747',15,59,79);
CREATE TABLE "diary_workout" ("title" varchar(100) NOT NULL, "description" varchar(100) NOT NULL, "slug" varchar(100) NOT NULL UNIQUE, "author_id" integer NOT NULL REFERENCES "auth_user" ("id") DEFERRABLE INITIALLY DEFERRED, "workout_id" integer NOT NULL PRIMARY KEY AUTOINCREMENT);
INSERT INTO "diary_workout" VALUES('Chest','','chest-dok_jf',1,13);
INSERT INTO "diary_workout" VALUES('Legs','','legs-dok_jf',1,18);
INSERT INTO "diary_workout" VALUES('Chest','','chest-test',2,19);
INSERT INTO "diary_workout" VALUES('Back','','back-dok_jf',1,28);
INSERT INTO "diary_workout" VALUES('Chest','','chest-dmytro',3,29);
INSERT INTO "diary_workout" VALUES('Legs','','legs-dmytro',3,42);
INSERT INTO "diary_workout" VALUES('Vera','','vera-dmytro',3,44);
INSERT INTO "diary_workout" VALUES('Vera''s training','','veras-training-dmytro',3,45);
INSERT INTO "diary_workout" VALUES('Chest','','chest-dmytro0',12,46);
INSERT INTO "diary_workout" VALUES('>Legs day','','legs-day-dmytro0',12,47);
INSERT INTO "diary_workout" VALUES('День ног','','-dok_jf',1,48);
INSERT INTO "diary_workout" VALUES('Ден рук','','Den-ruk-dok-jf',1,49);
INSERT INTO "diary_workout" VALUES('День спины','','Den-spiny-dok-jf',1,50);
INSERT INTO "diary_workout" VALUES('Chest','','Chest-Christyy-14',14,55);
INSERT INTO "diary_workout" VALUES('1111111111','','1111111111-dok-jf-1',1,57);
INSERT INTO "diary_workout" VALUES('22222','','22222-dok-jf-1',1,58);
INSERT INTO "diary_workout" VALUES('Spring 2020','here we go','Spring-2020-vadym-15',15,59);
DELETE FROM sqlite_sequence;
INSERT INTO "sqlite_sequence" VALUES('django_migrations',47);
INSERT INTO "sqlite_sequence" VALUES('django_admin_log',25);
INSERT INTO "sqlite_sequence" VALUES('django_content_type',15);
INSERT INTO "sqlite_sequence" VALUES('auth_permission',60);
INSERT INTO "sqlite_sequence" VALUES('auth_user',15);
INSERT INTO "sqlite_sequence" VALUES('auth_group',0);
INSERT INTO "sqlite_sequence" VALUES('account_emailaddress',10);
INSERT INTO "sqlite_sequence" VALUES('django_site',1);
INSERT INTO "sqlite_sequence" VALUES('socialaccount_socialapp',2);
INSERT INTO "sqlite_sequence" VALUES('socialaccount_socialaccount',9);
INSERT INTO "sqlite_sequence" VALUES('socialaccount_socialapp_sites',2);
INSERT INTO "sqlite_sequence" VALUES('socialaccount_socialtoken',1);
INSERT INTO "sqlite_sequence" VALUES('diary_set',121);
INSERT INTO "sqlite_sequence" VALUES('diary_exercise',79);
INSERT INTO "sqlite_sequence" VALUES('diary_workout',59);
CREATE UNIQUE INDEX "auth_group_permissions_group_id_permission_id_0cd325b0_uniq" ON "auth_group_permissions" ("group_id", "permission_id");
CREATE INDEX "auth_group_permissions_group_id_b120cbf9" ON "auth_group_permissions" ("group_id");
CREATE INDEX "auth_group_permissions_permission_id_84c5c92e" ON "auth_group_permissions" ("permission_id");
CREATE UNIQUE INDEX "auth_user_groups_user_id_group_id_94350c0c_uniq" ON "auth_user_groups" ("user_id", "group_id");
CREATE INDEX "auth_user_groups_user_id_6a12ed8b" ON "auth_user_groups" ("user_id");
CREATE INDEX "auth_user_groups_group_id_97559544" ON "auth_user_groups" ("group_id");
CREATE UNIQUE INDEX "auth_user_user_permissions_user_id_permission_id_14a6b632_uniq" ON "auth_user_user_permissions" ("user_id", "permission_id");
CREATE INDEX "auth_user_user_permissions_user_id_a95ead1b" ON "auth_user_user_permissions" ("user_id");
CREATE INDEX "auth_user_user_permissions_permission_id_1fbb5f2c" ON "auth_user_user_permissions" ("permission_id");
CREATE INDEX "django_admin_log_content_type_id_c4bce8eb" ON "django_admin_log" ("content_type_id");
CREATE INDEX "django_admin_log_user_id_c564eba6" ON "django_admin_log" ("user_id");
CREATE UNIQUE INDEX "django_content_type_app_label_model_76bd3d3b_uniq" ON "django_content_type" ("app_label", "model");
CREATE UNIQUE INDEX "auth_permission_content_type_id_codename_01ab375a_uniq" ON "auth_permission" ("content_type_id", "codename");
CREATE INDEX "auth_permission_content_type_id_2f476e4b" ON "auth_permission" ("content_type_id");
CREATE INDEX "django_session_expire_date_a5c62663" ON "django_session" ("expire_date");
CREATE INDEX "account_emailconfirmation_email_address_id_5b7f8c58" ON "account_emailconfirmation" ("email_address_id");
CREATE INDEX "account_emailaddress_user_id_2c513194" ON "account_emailaddress" ("user_id");
CREATE UNIQUE INDEX "socialaccount_socialtoken_app_id_account_id_fca4e0ac_uniq" ON "socialaccount_socialtoken" ("app_id", "account_id");
CREATE UNIQUE INDEX "socialaccount_socialapp_sites_socialapp_id_site_id_71a9a768_uniq" ON "socialaccount_socialapp_sites" ("socialapp_id", "site_id");
CREATE INDEX "socialaccount_socialapp_sites_socialapp_id_97fb6e7d" ON "socialaccount_socialapp_sites" ("socialapp_id");
CREATE INDEX "socialaccount_socialapp_sites_site_id_2579dee5" ON "socialaccount_socialapp_sites" ("site_id");
CREATE INDEX "socialaccount_socialtoken_account_id_951f210e" ON "socialaccount_socialtoken" ("account_id");
CREATE INDEX "socialaccount_socialtoken_app_id_636a42d7" ON "socialaccount_socialtoken" ("app_id");
CREATE UNIQUE INDEX "socialaccount_socialaccount_provider_uid_fc810c6e_uniq" ON "socialaccount_socialaccount" ("provider", "uid");
CREATE INDEX "socialaccount_socialaccount_user_id_8146e70c" ON "socialaccount_socialaccount" ("user_id");
CREATE INDEX "diary_set_author_id_5224fd42" ON "diary_set" ("author_id");
CREATE INDEX "diary_set_exercise_id_f534d8a0" ON "diary_set" ("exercise_id");
CREATE INDEX "diary_exercise_author_id_f9ee93d6" ON "diary_exercise" ("author_id");
CREATE INDEX "diary_exercise_workout_id_1858d5b8" ON "diary_exercise" ("workout_id");
CREATE INDEX "diary_workout_author_id_738b865c" ON "diary_workout" ("author_id");
COMMIT;
